run_id,objective,selected_threshold,default_accuracy,default_balanced_accuracy,default_sensitivity,default_specificity,default_f1,default_auroc,selected_accuracy,selected_balanced_accuracy,selected_sensitivity,selected_specificity,selected_f1,selected_auroc
resnet18_supervised_phash_10pct_e1,balanced_accuracy,0.45796558260917664,0.9427312775330396,0.9490481522956327,0.8980963045912654,1.0,0.9463126843657818,0.9929914661929954,0.9653870358716173,0.9679370840895342,0.9473684210526315,0.9885057471264368,0.9685174585002863,0.9929914661929954
resnet18_supervised_phash_10pct_e1,f1,0.45796558260917664,0.9427312775330396,0.9490481522956327,0.8980963045912654,1.0,0.9463126843657818,0.9929914661929954,0.9653870358716173,0.9679370840895342,0.9473684210526315,0.9885057471264368,0.9685174585002863,0.9929914661929954
resnet18_supervised_phash_10pct_e1,youden,0.45796558260917664,0.9427312775330396,0.9490481522956327,0.8980963045912654,1.0,0.9463126843657818,0.9929914661929954,0.9653870358716173,0.9679370840895342,0.9473684210526315,0.9885057471264368,0.9685174585002863,0.9929914661929954
resnet18_supervised_phash_10pct_e1,sensitivity_90,0.489277720451355,0.9427312775330396,0.9490481522956327,0.8980963045912654,1.0,0.9463126843657818,0.9929914661929954,0.946507237256136,0.9524076147816349,0.9048152295632699,1.0,0.9500293944738389,0.9929914661929954
resnet18_supervised_phash_10pct_e10,balanced_accuracy,0.7567132711410522,0.9855254877281309,0.9836354918845168,0.9988801791713325,0.9683908045977011,0.9872717210846708,0.9988737434194437,0.9911894273127754,0.9908934110772162,0.9932810750279956,0.9885057471264368,0.9921700223713646,0.9988737434194437
resnet18_supervised_phash_10pct_e10,f1,0.7567132711410522,0.9855254877281309,0.9836354918845168,0.9988801791713325,0.9683908045977011,0.9872717210846708,0.9988737434194437,0.9911894273127754,0.9908934110772162,0.9932810750279956,0.9885057471264368,0.9921700223713646,0.9988737434194437
resnet18_supervised_phash_10pct_e10,youden,0.7567132711410522,0.9855254877281309,0.9836354918845168,0.9988801791713325,0.9683908045977011,0.9872717210846708,0.9988737434194437,0.9911894273127754,0.9908934110772162,0.9932810750279956,0.9885057471264368,0.9921700223713646,0.9988737434194437
resnet18_supervised_phash_10pct_e10,sensitivity_90,0.7567132711410522,0.9855254877281309,0.9836354918845168,0.9988801791713325,0.9683908045977011,0.9872717210846708,0.9988737434194437,0.9911894273127754,0.9908934110772162,0.9932810750279956,0.9885057471264368,0.9921700223713646,0.9988737434194437
resnet18_supervised_phash_10pct_e5,balanced_accuracy,0.17829658091068268,0.9647577092511013,0.9686450167973124,0.9372900335946248,1.0,0.9676300578034682,0.9982076430989432,0.9817495280050346,0.9815438725206267,0.9832026875699889,0.9798850574712644,0.9837535014005602,0.9982076430989432
resnet18_supervised_phash_10pct_e5,f1,0.17829658091068268,0.9647577092511013,0.9686450167973124,0.9372900335946248,1.0,0.9676300578034682,0.9982076430989432,0.9817495280050346,0.9815438725206267,0.9832026875699889,0.9798850574712644,0.9837535014005602,0.9982076430989432
resnet18_supervised_phash_10pct_e5,youden,0.17829658091068268,0.9647577092511013,0.9686450167973124,0.9372900335946248,1.0,0.9676300578034682,0.9982076430989432,0.9817495280050346,0.9815438725206267,0.9832026875699889,0.9798850574712644,0.9837535014005602,0.9982076430989432
resnet18_supervised_phash_10pct_e5,sensitivity_90,0.43546104431152344,0.9647577092511013,0.9686450167973124,0.9372900335946248,1.0,0.9676300578034682,0.9982076430989432,0.9679043423536816,0.971444568868981,0.9428891377379619,1.0,0.9706051873198848,0.9982076430989432
resnet18_supervised_phash_10pct_seed123_e1,balanced_accuracy,0.443881094455719,0.920704845814978,0.9294512877939529,0.858902575587906,1.0,0.9240963855421687,0.9740446126320939,0.920704845814978,0.9240629545249772,0.896976483762598,0.9511494252873564,0.9270833333333334,0.9740446126320939
resnet18_supervised_phash_10pct_seed123_e1,f1,0.443881094455719,0.920704845814978,0.9294512877939529,0.858902575587906,1.0,0.9240963855421687,0.9740446126320939,0.920704845814978,0.9240629545249772,0.896976483762598,0.9511494252873564,0.9270833333333334,0.9740446126320939
resnet18_supervised_phash_10pct_seed123_e1,youden,0.443881094455719,0.920704845814978,0.9294512877939529,0.858902575587906,1.0,0.9240963855421687,0.9740446126320939,0.920704845814978,0.9240629545249772,0.896976483762598,0.9511494252873564,0.9270833333333334,0.9740446126320939
resnet18_supervised_phash_10pct_seed123_e1,sensitivity_90,0.443881094455719,0.920704845814978,0.9294512877939529,0.858902575587906,1.0,0.9240963855421687,0.9740446126320939,0.920704845814978,0.9240629545249772,0.896976483762598,0.9511494252873564,0.9270833333333334,0.9740446126320939
resnet18_supervised_phash_10pct_seed7_e1,balanced_accuracy,0.5160716772079468,0.9175582127123977,0.9241160494780605,0.8712206047032475,0.9770114942528736,0.9223473621813871,0.9626887284241418,0.9238514789175583,0.9316169183045655,0.8689809630459127,0.9942528735632183,0.9276748356246264,0.9626887284241418
resnet18_supervised_phash_10pct_seed7_e1,f1,0.5069211721420288,0.9175582127123977,0.9241160494780605,0.8712206047032475,0.9770114942528736,0.9223473621813871,0.9626887284241418,0.9194461925739459,0.9264297022821176,0.8701007838745801,0.9827586206896551,0.9239001189060642,0.9626887284241418
resnet18_supervised_phash_10pct_seed7_e1,youden,0.5160716772079468,0.9175582127123977,0.9241160494780605,0.8712206047032475,0.9770114942528736,0.9223473621813871,0.9626887284241418,0.9238514789175583,0.9316169183045655,0.8689809630459127,0.9942528735632183,0.9276748356246264,0.9626887284241418
resnet18_supervised_phash_10pct_seed7_e1,sensitivity_90,0.4546509087085724,0.9175582127123977,0.9241160494780605,0.8712206047032475,0.9770114942528736,0.9223473621813871,0.9626887284241418,0.8930144745122719,0.8915028767810943,0.9036954087346024,0.8793103448275862,0.9047085201793722,0.9626887284241418
resnet18_supervised_phash_25pct_e1,balanced_accuracy,0.2481936663389206,0.9320327249842668,0.9395296752519597,0.8790593505039194,1.0,0.9356376638855781,0.9937283597842735,0.9546884833228445,0.9574677247042772,0.93505039193729,0.9798850574712644,0.9586681974741676,0.9937283597842735
resnet18_supervised_phash_25pct_e1,f1,0.16892758011817932,0.9320327249842668,0.9395296752519597,0.8790593505039194,1.0,0.9356376638855781,0.9937283597842735,0.960352422907489,0.9574355459448327,0.9809630459126539,0.9339080459770115,0.9652892561983472,0.9937283597842735
resnet18_supervised_phash_25pct_e1,youden,0.2481936663389206,0.9320327249842668,0.9395296752519597,0.8790593505039194,1.0,0.9356376638855781,0.9937283597842735,0.9546884833228445,0.9574677247042772,0.93505039193729,0.9798850574712644,0.9586681974741676,0.9937283597842735
resnet18_supervised_phash_25pct_e1,sensitivity_90,0.36632347106933594,0.9320327249842668,0.9395296752519597,0.8790593505039194,1.0,0.9356376638855781,0.9937283597842735,0.948395217117684,0.9540873460246361,0.9081746920492721,1.0,0.9518779342723005,0.9937283597842735
resnet18_supervised_phash_25pct_seed123_e1,balanced_accuracy,0.16819089651107788,0.933291378225299,0.9406494960806271,0.8812989921612542,1.0,0.9369047619047619,0.9962125600133863,0.9786028949024543,0.9784273596684301,0.9798432250839866,0.9770114942528736,0.9809417040358744,0.9962125600133863
resnet18_supervised_phash_25pct_seed123_e1,f1,0.16819089651107788,0.933291378225299,0.9406494960806271,0.8812989921612542,1.0,0.9369047619047619,0.9962125600133863,0.9786028949024543,0.9784273596684301,0.9798432250839866,0.9770114942528736,0.9809417040358744,0.9962125600133863
resnet18_supervised_phash_25pct_seed123_e1,youden,0.16819089651107788,0.933291378225299,0.9406494960806271,0.8812989921612542,1.0,0.9369047619047619,0.9962125600133863,0.9786028949024543,0.9784273596684301,0.9798432250839866,0.9770114942528736,0.9809417040358744,0.9962125600133863
resnet18_supervised_phash_25pct_seed123_e1,sensitivity_90,0.24000339210033417,0.933291378225299,0.9406494960806271,0.8812989921612542,1.0,0.9369047619047619,0.9962125600133863,0.960352422907489,0.9644086831164485,0.9316909294512878,0.9971264367816092,0.9635205558772437,0.9962125600133863
resnet18_supervised_phash_25pct_seed7_e1,balanced_accuracy,0.356366366147995,0.9427312775330396,0.9490481522956327,0.8980963045912654,1.0,0.9463126843657818,0.9876079597379362,0.9295154185022027,0.9271472886177292,0.9462486002239642,0.9080459770114943,0.9378468368479467,0.9876079597379362
resnet18_supervised_phash_25pct_seed7_e1,f1,0.32652780413627625,0.9427312775330396,0.9490481522956327,0.8980963045912654,1.0,0.9463126843657818,0.9876079597379362,0.9288860918816866,0.9246856135202275,0.9585666293393057,0.8908045977011494,0.938082191780822,0.9876079597379362
resnet18_supervised_phash_25pct_seed7_e1,youden,0.356366366147995,0.9427312775330396,0.9490481522956327,0.8980963045912654,1.0,0.9463126843657818,0.9876079597379362,0.9295154185022027,0.9271472886177292,0.9462486002239642,0.9080459770114943,0.9378468368479467,0.9876079597379362
resnet18_supervised_phash_25pct_seed7_e1,sensitivity_90,0.4467034637928009,0.9427312775330396,0.9490481522956327,0.8980963045912654,1.0,0.9463126843657818,0.9876079597379362,0.9553178099433606,0.9602463605823068,0.9204927211646137,1.0,0.958600583090379,0.9876079597379362
resnet18_supervised_phash_50pct_e1,balanced_accuracy,0.32423946261405945,0.9842668344870988,0.9860022396416573,0.9720044792833147,1.0,0.9858035207268597,0.9991536986266104,0.9899307740717432,0.9910414333706608,0.9820828667413214,1.0,0.9909604519774011,0.9991536986266104
resnet18_supervised_phash_50pct_e1,f1,0.32423946261405945,0.9842668344870988,0.9860022396416573,0.9720044792833147,1.0,0.9858035207268597,0.9991536986266104,0.9899307740717432,0.9910414333706608,0.9820828667413214,1.0,0.9909604519774011,0.9991536986266104
resnet18_supervised_phash_50pct_e1,youden,0.32423946261405945,0.9842668344870988,0.9860022396416573,0.9720044792833147,1.0,0.9858035207268597,0.9991536986266104,0.9899307740717432,0.9910414333706608,0.9820828667413214,1.0,0.9909604519774011,0.9991536986266104
resnet18_supervised_phash_50pct_e1,sensitivity_90,0.32423946261405945,0.9842668344870988,0.9860022396416573,0.9720044792833147,1.0,0.9858035207268597,0.9991536986266104,0.9899307740717432,0.9910414333706608,0.9820828667413214,1.0,0.9909604519774011,0.9991536986266104
resnet18_supervised_phash_50pct_e10,balanced_accuracy,0.3283214271068573,0.9905601006922593,0.9896995791018264,0.9966405375139977,0.9827586206896551,0.9916434540389972,0.9990796874798883,0.9905601006922593,0.9896995791018264,0.9966405375139977,0.9827586206896551,0.9916434540389972,0.9990796874798883
resnet18_supervised_phash_50pct_e10,f1,0.3283214271068573,0.9905601006922593,0.9896995791018264,0.9966405375139977,0.9827586206896551,0.9916434540389972,0.9990796874798883,0.9905601006922593,0.9896995791018264,0.9966405375139977,0.9827586206896551,0.9916434540389972,0.9990796874798883
resnet18_supervised_phash_50pct_e10,youden,0.3283214271068573,0.9905601006922593,0.9896995791018264,0.9966405375139977,0.9827586206896551,0.9916434540389972,0.9990796874798883,0.9905601006922593,0.9896995791018264,0.9966405375139977,0.9827586206896551,0.9916434540389972,0.9990796874798883
resnet18_supervised_phash_50pct_e10,sensitivity_90,0.3283214271068573,0.9905601006922593,0.9896995791018264,0.9966405375139977,0.9827586206896551,0.9916434540389972,0.9990796874798883,0.9905601006922593,0.9896995791018264,0.9966405375139977,0.9827586206896551,0.9916434540389972,0.9990796874798883
resnet18_supervised_phash_50pct_e25,balanced_accuracy,0.43436399102211,0.9943360604153556,0.9940099239294127,0.9966405375139977,0.9913793103448276,0.994969256567915,0.999070033852055,0.9905601006922593,0.9896995791018264,0.9966405375139977,0.9827586206896551,0.9916434540389972,0.999070033852055
resnet18_supervised_phash_50pct_e25,f1,0.43436399102211,0.9943360604153556,0.9940099239294127,0.9966405375139977,0.9913793103448276,0.994969256567915,0.999070033852055,0.9905601006922593,0.9896995791018264,0.9966405375139977,0.9827586206896551,0.9916434540389972,0.999070033852055
resnet18_supervised_phash_50pct_e25,youden,0.43436399102211,0.9943360604153556,0.9940099239294127,0.9966405375139977,0.9913793103448276,0.994969256567915,0.999070033852055,0.9905601006922593,0.9896995791018264,0.9966405375139977,0.9827586206896551,0.9916434540389972,0.999070033852055
resnet18_supervised_phash_50pct_e25,sensitivity_90,0.43436399102211,0.9943360604153556,0.9940099239294127,0.9966405375139977,0.9913793103448276,0.994969256567915,0.999070033852055,0.9905601006922593,0.9896995791018264,0.9966405375139977,0.9827586206896551,0.9916434540389972,0.999070033852055
resnet18_supervised_phash_50pct_e5,balanced_accuracy,0.25167250633239746,0.9949653870358716,0.9955207166853304,0.9910414333706606,1.0,0.9955005624296963,0.999481921972944,0.9981120201384519,0.9983202687569989,0.9966405375139977,1.0,0.9983174425126192,0.999481921972944
resnet18_supervised_phash_50pct_e5,f1,0.25167250633239746,0.9949653870358716,0.9955207166853304,0.9910414333706606,1.0,0.9955005624296963,0.999481921972944,0.9981120201384519,0.9983202687569989,0.9966405375139977,1.0,0.9983174425126192,0.999481921972944
resnet18_supervised_phash_50pct_e5,youden,0.25167250633239746,0.9949653870358716,0.9955207166853304,0.9910414333706606,1.0,0.9955005624296963,0.999481921972944,0.9981120201384519,0.9983202687569989,0.9966405375139977,1.0,0.9983174425126192,0.999481921972944
resnet18_supervised_phash_50pct_e5,sensitivity_90,0.25167250633239746,0.9949653870358716,0.9955207166853304,0.9910414333706606,1.0,0.9955005624296963,0.999481921972944,0.9981120201384519,0.9983202687569989,0.9966405375139977,1.0,0.9983174425126192,0.999481921972944
resnet18_supervised_phash_5pct_e1,balanced_accuracy,0.4348977208137512,0.8105726872246696,0.8314669652855543,0.6629339305711086,1.0,0.7973063973063973,0.9733559871799822,0.9062303335431089,0.9013592307989342,0.9406494960806271,0.8620689655172413,0.918534718425369,0.9733559871799822
resnet18_supervised_phash_5pct_e1,f1,0.4348977208137512,0.8105726872246696,0.8314669652855543,0.6629339305711086,1.0,0.7973063973063973,0.9733559871799822,0.9062303335431089,0.9013592307989342,0.9406494960806271,0.8620689655172413,0.918534718425369,0.9733559871799822
resnet18_supervised_phash_5pct_e1,youden,0.4348977208137512,0.8105726872246696,0.8314669652855543,0.6629339305711086,1.0,0.7973063973063973,0.9733559871799822,0.9062303335431089,0.9013592307989342,0.9406494960806271,0.8620689655172413,0.918534718425369,0.9733559871799822
resnet18_supervised_phash_5pct_e1,sensitivity_90,0.4446273148059845,0.8105726872246696,0.8314669652855543,0.6629339305711086,1.0,0.7973063973063973,0.9733559871799822,0.906859660163625,0.9054057097990758,0.9171332586786114,0.8936781609195402,0.9171332586786114,0.9733559871799822
simclr_resnet18_phash_e25_finetune_05pct_e1,balanced_accuracy,0.3388940989971161,0.5594713656387665,0.6080627099664053,0.21612541993281076,1.0,0.35543278084714547,0.9367301231802913,0.815607300188798,0.8261204644038563,0.7413213885778276,0.9109195402298851,0.8188002473716759,0.9367301231802913
simclr_resnet18_phash_e25_finetune_05pct_e1,f1,0.2759895920753479,0.5594713656387665,0.6080627099664053,0.21612541993281076,1.0,0.35543278084714547,0.9367301231802913,0.8672120830711139,0.8587207655970447,0.9272116461366181,0.7902298850574713,0.8869844670594537,0.9367301231802913
simclr_resnet18_phash_e25_finetune_05pct_e1,youden,0.3388940989971161,0.5594713656387665,0.6080627099664053,0.21612541993281076,1.0,0.35543278084714547,0.9367301231802913,0.815607300188798,0.8261204644038563,0.7413213885778276,0.9109195402298851,0.8188002473716759,0.9367301231802913
simclr_resnet18_phash_e25_finetune_05pct_e1,sensitivity_90,0.2759895920753479,0.5594713656387665,0.6080627099664053,0.21612541993281076,1.0,0.35543278084714547,0.9367301231802913,0.8672120830711139,0.8587207655970447,0.9272116461366181,0.7902298850574713,0.8869844670594537,0.9367301231802913
simclr_resnet18_phash_e25_finetune_10pct_e1,balanced_accuracy,0.4211175739765167,0.9307740717432348,0.9384098544232923,0.8768197088465846,1.0,0.9343675417661098,0.9711099097707586,0.9534298300818125,0.9585666293393057,0.9171332586786114,1.0,0.9567757009345794,0.9711099097707586
simclr_resnet18_phash_e25_finetune_10pct_e1,f1,0.4211175739765167,0.9307740717432348,0.9384098544232923,0.8768197088465846,1.0,0.9343675417661098,0.9711099097707586,0.9534298300818125,0.9585666293393057,0.9171332586786114,1.0,0.9567757009345794,0.9711099097707586
simclr_resnet18_phash_e25_finetune_10pct_e1,youden,0.4211175739765167,0.9307740717432348,0.9384098544232923,0.8768197088465846,1.0,0.9343675417661098,0.9711099097707586,0.9534298300818125,0.9585666293393057,0.9171332586786114,1.0,0.9567757009345794,0.9711099097707586
simclr_resnet18_phash_e25_finetune_10pct_e1,sensitivity_90,0.4211175739765167,0.9307740717432348,0.9384098544232923,0.8768197088465846,1.0,0.9343675417661098,0.9711099097707586,0.9534298300818125,0.9585666293393057,0.9171332586786114,1.0,0.9567757009345794,0.9711099097707586
simclr_resnet18_phash_e25_finetune_10pct_e10,balanced_accuracy,0.19470001757144928,0.973568281938326,0.9764837625979843,0.9529675251959686,1.0,0.9759174311926605,0.9974804031354985,0.9666456891126495,0.9630346500881698,0.9921612541993281,0.9339080459770115,0.9709589041095891,0.9974804031354985
simclr_resnet18_phash_e25_finetune_10pct_e10,f1,0.19470001757144928,0.973568281938326,0.9764837625979843,0.9529675251959686,1.0,0.9759174311926605,0.9974804031354985,0.9666456891126495,0.9630346500881698,0.9921612541993281,0.9339080459770115,0.9709589041095891,0.9974804031354985
simclr_resnet18_phash_e25_finetune_10pct_e10,youden,0.19470001757144928,0.973568281938326,0.9764837625979843,0.9529675251959686,1.0,0.9759174311926605,0.9974804031354985,0.9666456891126495,0.9630346500881698,0.9921612541993281,0.9339080459770115,0.9709589041095891,0.9974804031354985
simclr_resnet18_phash_e25_finetune_10pct_e10,sensitivity_90,0.39767032861709595,0.973568281938326,0.9764837625979843,0.9529675251959686,1.0,0.9759174311926605,0.9974804031354985,0.9817495280050346,0.9837625979843225,0.9675251959686451,1.0,0.983494593056346,0.9974804031354985
simclr_resnet18_phash_e25_finetune_10pct_e5,balanced_accuracy,0.3492838442325592,0.9307740717432348,0.9384098544232923,0.8768197088465846,1.0,0.9343675417661098,0.989335959120104,0.9559471365638766,0.9589045063134726,0.93505039193729,0.9827586206896551,0.9597701149425287,0.989335959120104
simclr_resnet18_phash_e25_finetune_10pct_e5,f1,0.3492838442325592,0.9307740717432348,0.9384098544232923,0.8768197088465846,1.0,0.9343675417661098,0.989335959120104,0.9559471365638766,0.9589045063134726,0.93505039193729,0.9827586206896551,0.9597701149425287,0.989335959120104
simclr_resnet18_phash_e25_finetune_10pct_e5,youden,0.3492838442325592,0.9307740717432348,0.9384098544232923,0.8768197088465846,1.0,0.9343675417661098,0.989335959120104,0.9559471365638766,0.9589045063134726,0.93505039193729,0.9827586206896551,0.9597701149425287,0.989335959120104
simclr_resnet18_phash_e25_finetune_10pct_e5,sensitivity_90,0.3492838442325592,0.9307740717432348,0.9384098544232923,0.8768197088465846,1.0,0.9343675417661098,0.989335959120104,0.9559471365638766,0.9589045063134726,0.93505039193729,0.9827586206896551,0.9597701149425287,0.989335959120104
simclr_resnet18_phash_e25_finetune_10pct_seed123_e1,balanced_accuracy,0.5523571372032166,0.960352422907489,0.9634578007748645,0.9384098544232923,0.9885057471264368,0.9637722829212191,0.9855646085132126,0.9446192573945877,0.9507278835386338,0.9014557670772676,1.0,0.9481743227326266,0.9855646085132126
simclr_resnet18_phash_e25_finetune_10pct_seed123_e1,f1,0.4544632136821747,0.960352422907489,0.9634578007748645,0.9384098544232923,0.9885057471264368,0.9637722829212191,0.9855646085132126,0.9326620516047829,0.9274111544451739,0.9697648376259799,0.8850574712643678,0.9418162044589451,0.9855646085132126
simclr_resnet18_phash_e25_finetune_10pct_seed123_e1,youden,0.5523571372032166,0.960352422907489,0.9634578007748645,0.9384098544232923,0.9885057471264368,0.9637722829212191,0.9855646085132126,0.9446192573945877,0.9507278835386338,0.9014557670772676,1.0,0.9481743227326266,0.9855646085132126
simclr_resnet18_phash_e25_finetune_10pct_seed123_e1,sensitivity_90,0.4799032509326935,0.960352422907489,0.9634578007748645,0.9384098544232923,0.9885057471264368,0.9637722829212191,0.9855646085132126,0.9515418502202643,0.9508646432662728,0.9563269876819709,0.9454022988505747,0.9568627450980393,0.9855646085132126
simclr_resnet18_phash_e25_finetune_10pct_seed7_e1,balanced_accuracy,0.4548782408237457,0.9188168659534298,0.9249189095261999,0.8756998880179171,0.9741379310344828,0.9238038984051978,0.9784788456835412,0.9194461925739459,0.9162869573052219,0.9417693169092946,0.8908045977011494,0.9292817679558011,0.9784788456835412
simclr_resnet18_phash_e25_finetune_10pct_seed7_e1,f1,0.4548782408237457,0.9188168659534298,0.9249189095261999,0.8756998880179171,0.9741379310344828,0.9238038984051978,0.9784788456835412,0.9194461925739459,0.9162869573052219,0.9417693169092946,0.8908045977011494,0.9292817679558011,0.9784788456835412
simclr_resnet18_phash_e25_finetune_10pct_seed7_e1,youden,0.4548782408237457,0.9188168659534298,0.9249189095261999,0.8756998880179171,0.9741379310344828,0.9238038984051978,0.9784788456835412,0.9194461925739459,0.9162869573052219,0.9417693169092946,0.8908045977011494,0.9292817679558011,0.9784788456835412
simclr_resnet18_phash_e25_finetune_10pct_seed7_e1,sensitivity_90,0.45882895588874817,0.9188168659534298,0.9249189095261999,0.8756998880179171,0.9741379310344828,0.9238038984051978,0.9784788456835412,0.9169288860918817,0.9140473156478871,0.9372900335946248,0.8908045977011494,0.9269102990033222,0.9784788456835412
simclr_resnet18_phash_e25_finetune_25pct_e1,balanced_accuracy,0.15421989560127258,0.9137822529893015,0.9232922732362823,0.8465845464725644,1.0,0.9169193450576106,0.987817121674325,0.9572057898049088,0.959707366361612,0.9395296752519597,0.9798850574712644,0.9610538373424972,0.987817121674325
simclr_resnet18_phash_e25_finetune_25pct_e1,f1,0.15421989560127258,0.9137822529893015,0.9232922732362823,0.8465845464725644,1.0,0.9169193450576106,0.987817121674325,0.9572057898049088,0.959707366361612,0.9395296752519597,0.9798850574712644,0.9610538373424972,0.987817121674325
simclr_resnet18_phash_e25_finetune_25pct_e1,youden,0.15421989560127258,0.9137822529893015,0.9232922732362823,0.8465845464725644,1.0,0.9169193450576106,0.987817121674325,0.9572057898049088,0.959707366361612,0.9395296752519597,0.9798850574712644,0.9610538373424972,0.987817121674325
simclr_resnet18_phash_e25_finetune_25pct_e1,sensitivity_90,0.16465938091278076,0.9137822529893015,0.9232922732362823,0.8465845464725644,1.0,0.9169193450576106,0.987817121674325,0.9590937696664569,0.9636058230683091,0.9272116461366181,1.0,0.9622312608948286,0.987817121674325
simclr_resnet18_phash_e25_finetune_25pct_seed123_e1,balanced_accuracy,0.18364928662776947,0.9238514789175583,0.9322508398656215,0.864501679731243,1.0,0.9273273273273274,0.986137390431324,0.9389553178099433,0.9415681996627666,0.9204927211646137,0.9626436781609196,0.9442848937392303,0.986137390431324
simclr_resnet18_phash_e25_finetune_25pct_seed123_e1,f1,0.18364928662776947,0.9238514789175583,0.9322508398656215,0.864501679731243,1.0,0.9273273273273274,0.986137390431324,0.9389553178099433,0.9415681996627666,0.9204927211646137,0.9626436781609196,0.9442848937392303,0.986137390431324
simclr_resnet18_phash_e25_finetune_25pct_seed123_e1,youden,0.18364928662776947,0.9238514789175583,0.9322508398656215,0.864501679731243,1.0,0.9273273273273274,0.986137390431324,0.9389553178099433,0.9415681996627666,0.9204927211646137,0.9626436781609196,0.9442848937392303,0.986137390431324
simclr_resnet18_phash_e25_finetune_25pct_seed123_e1,sensitivity_90,0.18364928662776947,0.9238514789175583,0.9322508398656215,0.864501679731243,1.0,0.9273273273273274,0.986137390431324,0.9389553178099433,0.9415681996627666,0.9204927211646137,0.9626436781609196,0.9442848937392303,0.986137390431324
simclr_resnet18_phash_e25_finetune_25pct_seed7_e1,balanced_accuracy,0.23272940516471863,0.9257394587791064,0.9339305711086225,0.8678611422172452,1.0,0.9292565947242206,0.9838623521386003,0.9395846444304594,0.9395924238328764,0.9395296752519597,0.9396551724137931,0.9458850056369785,0.9838623521386003
simclr_resnet18_phash_e25_finetune_25pct_seed7_e1,f1,0.1819356083869934,0.9257394587791064,0.9339305711086225,0.8678611422172452,1.0,0.9292565947242206,0.9838623521386003,0.9257394587791064,0.9206182183264471,0.961926091825308,0.8793103448275862,0.9357298474945533,0.9838623521386003
simclr_resnet18_phash_e25_finetune_25pct_seed7_e1,youden,0.23272940516471863,0.9257394587791064,0.9339305711086225,0.8678611422172452,1.0,0.9292565947242206,0.9838623521386003,0.9395846444304594,0.9395924238328764,0.9395296752519597,0.9396551724137931,0.9458850056369785,0.9838623521386003
simclr_resnet18_phash_e25_finetune_25pct_seed7_e1,sensitivity_90,0.2420121729373932,0.9257394587791064,0.9339305711086225,0.8678611422172452,1.0,0.9292565947242206,0.9838623521386003,0.9370673379483953,0.9373527821755416,0.93505039193729,0.9396551724137931,0.943502824858757,0.9838623521386003
simclr_resnet18_phash_e25_finetune_50pct_e1,balanced_accuracy,0.4667515754699707,0.948395217117684,0.9540873460246361,0.9081746920492721,1.0,0.9518779342723005,0.9892909088568818,0.9597230962869729,0.9641657334826428,0.9283314669652856,1.0,0.9628339140534262,0.9892909088568818
simclr_resnet18_phash_e25_finetune_50pct_e1,f1,0.3745056092739105,0.948395217117684,0.9540873460246361,0.9081746920492721,1.0,0.9518779342723005,0.9892909088568818,0.9553178099433606,0.9558089096549149,0.9518477043673013,0.9597701149425287,0.9599096555618295,0.9892909088568818
simclr_resnet18_phash_e25_finetune_50pct_e1,youden,0.4667515754699707,0.948395217117684,0.9540873460246361,0.9081746920492721,1.0,0.9518779342723005,0.9892909088568818,0.9597230962869729,0.9641657334826428,0.9283314669652856,1.0,0.9628339140534262,0.9892909088568818
simclr_resnet18_phash_e25_finetune_50pct_e1,sensitivity_90,0.4667515754699707,0.948395217117684,0.9540873460246361,0.9081746920492721,1.0,0.9518779342723005,0.9892909088568818,0.9597230962869729,0.9641657334826428,0.9283314669652856,1.0,0.9628339140534262,0.9892909088568818
simclr_resnet18_phash_e25_finetune_50pct_e10,balanced_accuracy,0.8938306570053101,0.9704216488357458,0.9667110733547,0.9966405375139977,0.9367816091954023,0.9742747673782156,0.9990829053558327,0.9924480805538074,0.9920132319058836,0.9955207166853304,0.9885057471264368,0.9932960893854749,0.9990829053558327
simclr_resnet18_phash_e25_finetune_50pct_e10,f1,0.8938306570053101,0.9704216488357458,0.9667110733547,0.9966405375139977,0.9367816091954023,0.9742747673782156,0.9990829053558327,0.9924480805538074,0.9920132319058836,0.9955207166853304,0.9885057471264368,0.9932960893854749,0.9990829053558327
simclr_resnet18_phash_e25_finetune_50pct_e10,youden,0.8938306570053101,0.9704216488357458,0.9667110733547,0.9966405375139977,0.9367816091954023,0.9742747673782156,0.9990829053558327,0.9924480805538074,0.9920132319058836,0.9955207166853304,0.9885057471264368,0.9932960893854749,0.9990829053558327
simclr_resnet18_phash_e25_finetune_50pct_e10,sensitivity_90,0.8938306570053101,0.9704216488357458,0.9667110733547,0.9966405375139977,0.9367816091954023,0.9742747673782156,0.9990829053558327,0.9924480805538074,0.9920132319058836,0.9955207166853304,0.9885057471264368,0.9932960893854749,0.9990829053558327
simclr_resnet18_phash_e25_finetune_50pct_e25,balanced_accuracy,0.13010834157466888,0.9943360604153556,0.9940099239294127,0.9966405375139977,0.9913793103448276,0.994969256567915,0.9991730058822773,0.9842668344870988,0.9825156710558494,0.9966405375139977,0.9683908045977011,0.9861495844875346,0.9991730058822773
simclr_resnet18_phash_e25_finetune_50pct_e25,f1,0.13010834157466888,0.9943360604153556,0.9940099239294127,0.9966405375139977,0.9913793103448276,0.994969256567915,0.9991730058822773,0.9842668344870988,0.9825156710558494,0.9966405375139977,0.9683908045977011,0.9861495844875346,0.9991730058822773
simclr_resnet18_phash_e25_finetune_50pct_e25,youden,0.13010834157466888,0.9943360604153556,0.9940099239294127,0.9966405375139977,0.9913793103448276,0.994969256567915,0.9991730058822773,0.9842668344870988,0.9825156710558494,0.9966405375139977,0.9683908045977011,0.9861495844875346,0.9991730058822773
simclr_resnet18_phash_e25_finetune_50pct_e25,sensitivity_90,0.13010834157466888,0.9943360604153556,0.9940099239294127,0.9966405375139977,0.9913793103448276,0.994969256567915,0.9991730058822773,0.9842668344870988,0.9825156710558494,0.9966405375139977,0.9683908045977011,0.9861495844875346,0.9991730058822773
simclr_resnet18_phash_e25_finetune_50pct_e5,balanced_accuracy,0.14494416117668152,0.9622404027690371,0.9664053751399776,0.9328107502799552,1.0,0.9652375434530707,0.9981271962003321,0.9823788546255506,0.9808359398128483,0.9932810750279956,0.9683908045977011,0.9844617092119867,0.9981271962003321
simclr_resnet18_phash_e25_finetune_50pct_e5,f1,0.14494416117668152,0.9622404027690371,0.9664053751399776,0.9328107502799552,1.0,0.9652375434530707,0.9981271962003321,0.9823788546255506,0.9808359398128483,0.9932810750279956,0.9683908045977011,0.9844617092119867,0.9981271962003321
simclr_resnet18_phash_e25_finetune_50pct_e5,youden,0.14494416117668152,0.9622404027690371,0.9664053751399776,0.9328107502799552,1.0,0.9652375434530707,0.9981271962003321,0.9823788546255506,0.9808359398128483,0.9932810750279956,0.9683908045977011,0.9844617092119867,0.9981271962003321
simclr_resnet18_phash_e25_finetune_50pct_e5,sensitivity_90,0.14494416117668152,0.9622404027690371,0.9664053751399776,0.9328107502799552,1.0,0.9652375434530707,0.9981271962003321,0.9823788546255506,0.9808359398128483,0.9932810750279956,0.9683908045977011,0.9844617092119867,0.9981271962003321
